title,body,author,slug,image,alt,tags
Give it a go and grow your own herbs,give-it-a-go-and-grow-your-own-herbs.html,Holly Foat,articles/give-it-a-go-and-grow-your-own-herbs,home-grown-herbs.jpg,"Fresh cut herbs including mint, parsley, thyme and dill","Grow your own,Seasonal,Herbs"
Dairy-free and delicious milk chocolate,dairy-free-delicious-milk-chocolate.html,Umami,articles/dairy-free-and-delicious-milk-chocolate,vegan-chocolate.jpg,"A delicious bar of dairy-free milk chocolate, broken into pieces.","Vegan,Chocolate"
The real deal for supermarket savvy shopping,the-real-deal-for-supermarket-savvy-shopping.html,Megan Collins Quinlan,articles/the-real-deal-for-supermarket-savvy-shopping,supermarket-savvy-umami.jpg,Products presented on supermarket shelving.,"Supermarkets,Shopping"
The Umami guide to our favorite mushrooms,the-umami-guide-to-our-favourite-mushrooms.html,Umami,articles/the-umami-guide-to-our-favourite-mushrooms,mushrooms-umami.jpg,A delightful selection of mushroom varieties laid out on a simple wooden plate.,"Mushrooms,Vegetarian"
Let's hear it for carrots,lets-hear-it-for-carrots.html,Umami,articles/lets-hear-it-for-carrots,heritage-carrots.jpg,"Purple, orange, yellow and white heritage carrots.","Carrots,Vegetarian,Healthy"
Baking mishaps - our troubleshooting tips,baking-mishaps-our-troubleshooting-tips.html,"Umami",articles/baking-mishaps-our-troubleshooting-tips,chocolate-brownie-umami.jpg,"A delicious chocolate brownie","Baking,Learn to cook"
Skip the spirits with delicious mocktails,skip-the-spirits-with-delicious-mocktails.html,Megan Collins Quinlan,articles/skip-the-spirits-with-delicious-mocktails,mojito-mocktail.jpg,"Fresh mojito mocktail with garnish of mint leaves, ice, and sliced lime","Alcohol free,Drinks,Party,Cocktail party,Dinner party"
Give your oatmeal the ultimate makeover,give-your-oatmeal-the-ultimate-makeover.html,Umami,articles/give-your-oatmeal-the-ultimate-makeover,oatmeal-fruit-syrup-topping.jpg,"Oatmeal topped with a vibrant mix of berries, nuts, and seeds","Vegan,Vegetarian,Oats,Breakfast,Dessert"
